1|là; thì là (thể thường)|Danh từ / tính từ na + だ|だ kết thúc câu khẳng định thân mật với danh từ hoặc gốc tính từ na. Không gắn だ trực tiếp sau tính từ i.|私は学生{{blank}}。|だ|わたしはがくせいだ。|Tôi là sinh viên (thể thường).|noun
2|là; thì là (lịch sự)|Danh từ / tính từ na + です|です dùng ở cuối câu lịch sự. Với danh từ, nó diễn đạt việc là một ai hoặc một thứ.|私は学生{{blank}}。|です|わたしはがくせいです。|Tôi là sinh viên (lịch sự).|noun
3|về…; trợ từ chủ đề|Chủ đề + は + nhận xét|は nêu chủ đề đang nói tới, đọc là わ khi làm trợ từ. Phần sau cho biết thông tin về chủ đề.|私{{blank}}学生です。|は|わたしはがくせいです。|Về tôi thì tôi là sinh viên.|noun
4|cũng|Danh từ + も|も thay は hoặc が để thêm một đối tượng cũng có đặc điểm tương tự. Không ghép はも trong cách dùng này.|私{{blank}}学生です。|も|わたしもがくせいです。|Tôi cũng là sinh viên.|noun
5|cái này|これ + は / が…|これ đứng độc lập thay cho danh từ, chỉ vật gần người nói. Khi đứng trước danh từ dùng この.|{{blank}}は私の本です。|これ|これはわたしのほんです。|Cái này là sách của tôi (đang ở cạnh tôi).|noun
6|cái đó|それ + は / が…|それ chỉ vật gần người nghe hoặc điều vừa được nhắc tới; đứng độc lập thay cho danh từ.|{{blank}}はあなたの本です。|それ|それはあなたのほんです。|Cái đó ở cạnh bạn là sách của bạn.|noun
7|cái kia|あれ + は / が…|あれ chỉ vật xa cả người nói lẫn người nghe. Khi bổ nghĩa danh từ dùng あの.|{{blank}}は学校です。|あれ|あれはがっこうです。|Cái kia ở đằng xa là trường học.|noun
8|của; quan hệ giữa danh từ|Danh từ A + の + danh từ B|の nối hai danh từ. Trong câu này nó chỉ chủ sở hữu, không phải trợ từ danh hóa động từ.|これは私{{blank}}本です。|の|これはわたしのほんです。|Đây là sách của tôi.|noun
9|tốt; ngoại lệ của tính từ i|いい → よくない / よかった / よくなかった|いい đổi gốc sang よ khi chia phủ định hoặc quá khứ. Dạng khẳng định có thể dùng いい hoặc よい.|昨日の天気は{{blank}}です。|よかった|きのうのてんきはよかったです。|Thời tiết hôm qua tốt.|i-adj
10|tính từ đuôi i|Gốc tính từ + い|Tính từ i tự làm vị ngữ và bổ nghĩa danh từ. Dạng phủ định bỏ い rồi thêm くない.|この本は{{blank}}です。|面白い~おもしろい|このほんはおもしろいです。|Cuốn sách này thú vị.|i-adj
11|tính từ na|Gốc tính từ na + だ / です; gốc + な + danh từ|Tính từ na thêm な trước danh từ và だ hoặc です ở vị ngữ. きれい là tính từ na dù tận cùng có âm い.|この町は{{blank}}です。|静か~しずか|このまちはしずかです。|Thị trấn này yên tĩnh.|na-adj
12|đánh dấu câu hỏi|Câu lịch sự + か|か đặt cuối câu lịch sự để hỏi. Thường không cần dùng thêm dấu hỏi trong văn viết Nhật.|学生です{{blank}}。|か|がくせいですか。|Bạn là sinh viên phải không?|noun
13|đánh dấu chủ ngữ|Danh từ + が + vị ngữ|が đánh dấu đối tượng trực tiếp của nhận xét hoặc thông tin mới. Trong câu hỏi ai làm gì, dùng が sau 誰.|誰{{blank}}来ますか。|が|だれがきますか。|Ai sẽ đến?|noun
14|đấy; nhé (báo thông tin)|Câu + よ|よ báo cho người nghe điều họ chưa biết hoặc nhấn mạnh lời khẳng định. Chọn ngữ điệu phù hợp để tránh nghe quá áp đặt.|この店は安いです{{blank}}。|よ|このみせはやすいですよ。|Cửa hàng này rẻ đấy.|noun
15|nhỉ; đúng không|Câu + ね|ね tìm sự đồng tình hoặc xác nhận một nhận xét mà hai bên cùng chia sẻ.|今日は寒いです{{blank}}。|ね|きょうはさむいですね。|Hôm nay lạnh nhỉ.|i-adj
16|động từ ichidan ở dạng từ điển|Gốc động từ ichidan + る|Nhóm ichidan bỏ る khi thêm ます, ない, た hoặc て. Không phải mọi động từ kết thúc bằng る đều thuộc nhóm này.|毎日パンを{{blank}}。|食べる~たべる|まいにちパンをたべる。|Tôi ăn bánh mì hằng ngày (thể thường).|ichidan
17|động từ godan ở dạng từ điển|Gốc + âm cuối hàng u|Godan đổi âm cuối tùy cách chia. 書く ở dạng từ điển; dạng lịch sự là 書きます.|毎日日記を{{blank}}。|書く~かく|まいにちにっきをかく。|Tôi viết nhật ký hằng ngày (thể thường).|godan
18|đánh dấu tân ngữ|Danh từ + を + động từ|を đánh dấu đối tượng của hành động; đọc là お. Trong ví dụ, nước là thứ được uống.|水{{blank}}飲みます。|を|みずをのみます。|Tôi uống nước.|godan
19|đuôi động từ lịch sự|Gốc masu + ます / ません / ました / ませんでした|ます là dạng lịch sự khẳng định không quá khứ. Godan đổi âm cuối sang hàng i; ichidan bỏ る trước khi thêm ます.|毎日パンを食べ{{blank}}。|ます|まいにちパンをたべます。|Tôi ăn bánh mì hằng ngày (lịch sự).|ichidan
20|không làm (ichidan)|Ichidan: bỏ る + ない|食べる bỏ る rồi thêm ない để phủ định thể thường; không dùng 食べらない.|朝ご飯を{{blank}}。|食べない~たべない|あさごはんをたべない。|Tôi không ăn sáng (thể thường).|ichidan
21|không làm (godan)|Godan: âm cuối hàng a + ない; う → わない|Godan đổi âm cuối từ hàng u sang hàng a rồi thêm ない. 買う là 買わない; ある có phủ định ngoại lệ ない.|今日は本を{{blank}}。|買わない~かわない|きょうはほんをかわない。|Hôm nay tôi không mua sách (thể thường).|godan
22|và (liệt kê đầy đủ)|Danh từ A + と + danh từ B|と nối các danh từ khi nêu một danh sách xác định. Không dùng と theo cách này để nối hai câu hành động.|パン{{blank}}牛乳を買います。|と|パンとぎゅうにゅうをかいます。|Tôi mua bánh mì và sữa.|noun
23|ở đây; chỗ này|ここ + に / で / は…|ここ chỉ nơi gần người nói. Dùng で cho địa điểm hành động và に cho vị trí tồn tại.|{{blank}}は図書館です。|ここ|ここはとしょかんです。|Chỗ này là thư viện (nơi tôi đang đứng).|noun
24|ở đó; chỗ đó|そこ + に / で / は…|そこ chỉ nơi gần người nghe hoặc nơi vừa được nhắc tới.|{{blank}}は教室です。|そこ|そこはきょうしつです。|Chỗ đó cạnh bạn là phòng học.|noun
25|ở đằng kia|あそこ + に / で / は…|あそこ chỉ nơi xa cả người nói lẫn người nghe.|{{blank}}は駅です。|あそこ|あそこはえきです。|Chỗ đằng kia là nhà ga.|noun
26|ở; tại (địa điểm hành động)|Địa điểm + で + hành động|で đánh dấu nơi diễn ra hành động. Vị trí tồn tại với ある hoặc いる thường dùng に.|図書館{{blank}}勉強します。|で|としょかんでべんきょうします。|Tôi học ở thư viện.|irregular
27|vào; ở; đến (mốc thời gian, đích)|Thời điểm / đích đến / vị trí tồn tại + に|に đánh dấu thời điểm cụ thể, đích đến hoặc vị trí tồn tại. Các từ tương đối như 今日 thường không cần に chỉ thời gian.|七時{{blank}}起きます。|に|しちじにおきます。|Tôi thức dậy lúc bảy giờ.|ichidan
28|hoặc|Danh từ A + か + danh từ B|か giữa các danh từ đưa ra lựa chọn, khác với か ở cuối câu hỏi.|お茶{{blank}}水を飲みます。|か|おちゃかみずをのみます。|Tôi uống trà hoặc nước.|noun
29|cùng với|Người / đối tượng cùng tham gia + と|と chỉ người cùng thực hiện hành động. Không nhầm với と nối danh từ trong một danh sách.|友達{{blank}}映画を見ます。|と|ともだちとえいがをみます。|Tôi xem phim cùng bạn.|ichidan
30|có lẽ; đúng không (lịch sự)|Thể thường + でしょう; danh từ / na bỏ だ|でしょう nêu phỏng đoán hoặc xin xác nhận. Dạng này lịch sự hơn だろう; ngữ điệu quyết định sắc thái xác nhận.|明日は雨{{blank}}。|でしょう|あしたはあめでしょう。|Ngày mai có lẽ trời mưa (lịch sự).|noun
31|có lẽ; đúng không (thể thường)|Thể thường + だろう; danh từ / na bỏ だ|だろう là phỏng đoán thể thường. Nó có thể nghe quả quyết hơn でしょう trong hội thoại.|明日は雨{{blank}}。|だろう|あしたはあめだろう。|Ngày mai có lẽ trời mưa (thể thường).|noun
32|có (vật)|Vị trí + に + vật + がある|ある dùng cho vật vô tri, sự kiện hoặc thứ không được xem là có ý chí trong ngữ cảnh. Dạng lịch sự là あります.|机の上に本{{blank}}。|がある|つくえのうえにほんがある。|Có sách trên bàn (thể thường).|godan
33|có (người, động vật)|Vị trí + に + người / động vật + がいる|いる diễn đạt sự hiện diện của người hoặc động vật. Dạng lịch sự là います.|庭に猫{{blank}}。|がいる|にわにねこがいる。|Có con mèo trong vườn (thể thường).|ichidan
34|…này|この + danh từ|この bắt buộc đi trước danh từ, chỉ đối tượng gần người nói. Nếu đứng độc lập dùng これ.|{{blank}}本は私のです。|この|このほんはわたしのです。|Cuốn sách này bên tôi là của tôi.|noun
35|…đó|その + danh từ|その đi trước danh từ, chỉ đối tượng gần người nghe hoặc vừa được nhắc tới.|{{blank}}本はあなたのです。|その|そのほんはあなたのです。|Cuốn sách đó bên bạn là của bạn.|noun
36|…kia|あの + danh từ|あの đi trước danh từ, chỉ đối tượng xa cả hai bên.|{{blank}}建物は学校です。|あの|あのたてものはがっこうです。|Tòa nhà đằng kia là trường học.|noun
37|giải thích; thật ra là…|Thể thường + んです / のです; danh từ / na + な + んです|んです bổ sung bối cảnh hoặc lý do giải thích. Sau danh từ và tính từ na phải dùng な thay vì だ.|明日は休みな{{blank}}。|んです~のです|あしたはやすみなんです。|Thật ra ngày mai tôi được nghỉ.|noun
38|câu hỏi tìm lời giải thích|Thể thường + の; danh từ / na + なの|の cuối câu với giọng hỏi dùng thân mật để tìm bối cảnh hoặc lý do. Tránh dùng với người cần nói lịch sự.|どうして泣いている{{blank}}？|の|どうしてないているの？|Vì sao bạn đang khóc vậy? (thân mật)|godan
39|đã… (quá khứ tính từ i)|Bỏ い + かった; có thể thêm です|Tính từ i chia quá khứ bằng かった. Không thêm でした sau dạng khẳng định tính từ i.|昨日は{{blank}}です。|寒かった~さむかった|きのうはさむかったです。|Hôm qua trời lạnh.|i-adj
40|việc…; danh hóa động từ|Động từ thể thường + の + は / が…|の biến một mệnh đề động từ thành cụm danh từ để nói về việc làm đó.|{{blank}}のは楽しいです。|泳ぐ~およぐ|およぐのはたのしいです。|Việc bơi lội rất vui.|godan
41|tính từ i bổ nghĩa danh từ|Tính từ i + danh từ|Giữ い khi tính từ i đứng trước danh từ. Không thêm な hoặc の giữa hai từ.|{{blank}}本を読みます。|面白い~おもしろい|おもしろいほんをよみます。|Tôi đọc một cuốn sách thú vị.|i-adj
42|tính từ na bổ nghĩa danh từ|Gốc tính từ na + な + danh từ|Dùng な để nối gốc tính từ na với danh từ được miêu tả.|静か{{blank}}部屋です。|な|しずかなへやです。|Đó là một căn phòng yên tĩnh.|na-adj
43|đi đến|Địa điểm + へ行く|へ đọc là え, chỉ hướng hoặc đích di chuyển. 行く là godan dù tận cùng bằng く; quá khứ là 行った.|学校{{blank}}行きます。|へ|がっこうへいきます。|Tôi đi đến trường (dùng trợ từ hướng へ).|godan
44|làm|Danh từ hoạt động + する; する → します|する là động từ bất quy tắc. Nhiều danh từ hoạt động ghép với する; dạng lịch sự là します.|毎日勉強{{blank}}。|します|まいにちべんきょうします。|Tôi học mỗi ngày (lịch sự).|irregular
45|đến|来る → 来ます / 来ない / 来た|来る đọc くる, 来ます đọc きます, 来ない đọc こない. Cần nhớ cả cách đọc của dạng chia.|明日友達が{{blank}}。|来ます~きます|あしたともだちがきます。|Ngày mai bạn tôi sẽ đến (lịch sự).|irregular
46|đã làm (ichidan)|Bỏ る + た|Ichidan bỏ る rồi thêm た để tạo quá khứ thường; dạng lịch sự thêm ました vào gốc.|昨日映画を{{blank}}。|見た~みた|きのうえいがをみた。|Hôm qua tôi đã xem phim (thể thường).|ichidan
47|đã làm (godan)|Godan: đuôi た biến âm theo nhóm|む・ぶ・ぬ → んだ; う・つ・る → った; く → いた; ぐ → いだ; す → した. 行く là ngoại lệ 行った.|昨日水を{{blank}}。|飲んだ~のんだ|きのうみずをのんだ。|Hôm qua tôi đã uống nước (thể thường).|godan
48|thích|Đối tượng + が + 好きだ / 好きです|好き là tính từ na, không phải động từ. Đối tượng được thích thường đánh dấu bằng が.|私は猫が{{blank}}です。|好き~すき|わたしはねこがすきです。|Tôi thích mèo.|na-adj
49|ghét; không thích|Đối tượng + が + 嫌いだ / 嫌いです|嫌い là tính từ na dù có âm い cuối. な được dùng khi bổ nghĩa danh từ.|私は魚が{{blank}}です。|嫌い~きらい|わたしはさかながきらいです。|Tôi không thích cá.|na-adj
50|thích làm…|Động từ thể từ điển + のが好き|の danh hóa hành động, sau đó が好き diễn đạt thích làm hành động ấy.|歌う{{blank}}です。|のが好き~のがすき|うたうのがすきです。|Tôi thích hát.|na-adj
51|…có… (bổ nghĩa danh từ)|Danh từ A + がある + danh từ B|Mệnh đề Aがある đứng ngay trước B để miêu tả B có A. Không thêm の giữa mệnh đề và B.|庭{{blank}}家に住んでいます。|がある|にわがあるいえにすんでいます。|Tôi sống trong ngôi nhà có vườn.|godan
52|không… (tính từ i)|Bỏ い + くない|Tính từ i phủ định bằng くない; dạng lịch sự có thể thêm です. いい có dạng よくない.|この本は{{blank}}です。|高くない~たかくない|このほんはたかくないです。|Cuốn sách này không đắt.|i-adj
53|bằng; với (phương tiện)|Phương tiện / công cụ + で|で chỉ công cụ hoặc phương tiện dùng để làm một việc, khác với で chỉ nơi diễn ra hành động.|箸{{blank}}食べます。|で|はしでたべます。|Tôi ăn bằng đũa.|ichidan
54|vì; do|Thể thường + ので; danh từ / na + な + ので|ので nối lý do với kết quả, thường có sắc thái giải thích mềm. Sau danh từ hoặc gốc na dùng なので.|雨{{blank}}、出かけません。|なので|あめなので、でかけません。|Vì trời mưa nên tôi không ra ngoài (dùng ので).|noun
55|vì; bởi vì|Thể thường / lịch sự + から|から nối lý do với kết quả. Sau danh từ thể thường dùng だから; sau câu lịch sự có thể dùng ですから.|忙しい{{blank}}、行きません。|から|いそがしいから、いきません。|Vì bận nên tôi không đi (dùng から).|i-adj
56|từ|Mốc bắt đầu + から|から đánh dấu điểm xuất phát về nơi chốn hoặc thời gian. Không phải から chỉ lý do trong mục này.|九時{{blank}}勉強します。|から|くじからべんきょうします。|Tôi học từ chín giờ.|noun
57|nhưng; tuy nhiên (hội thoại)|Câu + けど; danh từ / na + だけど|けど nối hai ý tương phản hoặc mở đầu một lời đề nghị. だけど dùng sau danh từ, gốc tính từ na ở thể thường.|高い{{blank}}、買います。|けど|たかいけど、かいます。|Đắt nhưng tôi sẽ mua (cách nói hội thoại けど).|i-adj
58|nhưng; tuy nhiên|Câu + が|が có thể nối hai mệnh đề tương phản, thường gặp trong lời nói lịch sự; khác với が đánh dấu chủ ngữ.|高いです{{blank}}、買います。|が|たかいですが、かいます。|Đắt nhưng tôi sẽ mua (câu lịch sự dùng が).|i-adj
59|đã không làm (ichidan)|Bỏ る + なかった|Ichidan tạo phủ định ない rồi đổi ない thành なかった để nói quá khứ phủ định.|昨日映画を{{blank}}。|見なかった~みなかった|きのうえいがをみなかった。|Hôm qua tôi đã không xem phim (thể thường).|ichidan
60|đã không làm (godan)|Âm cuối hàng a + なかった; う → わなかった|Đổi phủ định ない của godan thành なかった. Với 買う, dạng đúng là 買わなかった.|昨日水を{{blank}}。|飲まなかった~のまなかった|きのうみずをのまなかった。|Hôm qua tôi đã không uống nước (thể thường).|godan
61|và; rồi (nối động từ)|Động từ thể て + mệnh đề tiếp theo|Thể て nối hành động; thì và mức lịch sự của cả chuỗi thường do động từ cuối quyết định. Thể て có biến âm theo nhóm động từ.|朝ご飯を{{blank}}、学校へ行きます。|食べて~たべて|あさごはんをたべて、がっこうへいきます。|Tôi ăn sáng rồi đi học.|ichidan
62|đang làm (hành động tiếp diễn)|Động từ thể て + いる / います|ている trong cách dùng này diễn đạt hành động đang diễn ra. Không phải mọi ている đều là đang làm; xem các mẫu trạng thái và thói quen.|今、本を{{blank}}います。|読んで~よんで|いま、ほんをよんでいます。|Bây giờ tôi đang đọc sách.|godan
63|về phía; đến|Địa điểm + へ + động từ di chuyển|へ nhấn hướng di chuyển và đọc là え. に có thể thay へ trong nhiều câu chỉ đích đến nhưng phạm vi dùng khác nhau.|日本{{blank}}行きます。|へ|にほんへいきます。|Tôi đi về phía Nhật Bản (trợ từ hướng).|godan
64|đi để làm…|Gốc masu + に行く|Bỏ ます rồi thêm に行く để diễn đạt mục đích của việc đi. Không dùng dạng từ điển ngay trước に trong mẫu này.|映画を見{{blank}}ます。|に行き~にいき|えいがをみにいきます。|Tôi đi xem phim.|ichidan
65|ai|誰 + が / に / と…|誰 hỏi về người. Khi hỏi chủ ngữ dùng 誰が; 誰は không phải dạng mặc định cho câu hỏi ai làm.|{{blank}}が来ますか。|誰~だれ|だれがきますか。|Ai sẽ đến?|noun
66|tại sao (trang trọng hơn)|なぜ + câu hỏi|なぜ hỏi lý do, thường dùng trong lời giải thích hoặc văn viết. Câu trả lời có thể dùng から hoặc ので.|{{blank}}日本語を勉強しますか。|なぜ|なぜにほんごをべんきょうしますか。|Tại sao bạn học tiếng Nhật? (dùng なぜ)|irregular
67|tại sao; vì sao|どうして + câu hỏi|どうして hỏi lý do và thường gặp trong hội thoại. Tùy ngữ cảnh nó cũng có thể hỏi bằng cách nào.|{{blank}}泣いているの？|どうして|どうしてないているの？|Vì sao bạn đang khóc? (dùng どうして)|godan
68|tại sao (thân mật)|なんで + câu hỏi|なんで là cách hỏi lý do thân mật. Nó cũng có thể mang nghĩa bằng phương tiện gì, nên cần đọc ngữ cảnh.|{{blank}}来なかったの？|なんで|なんでこなかったの？|Tại sao bạn đã không đến? (thân mật, dùng なんで)|irregular
69|tính từ i làm vị ngữ|Tính từ i + です; thể thường giữ い|Không thêm だ sau tính từ i. Dạng lịch sự khẳng định không quá khứ thêm です vào tính từ.|今日は寒い{{blank}}。|です|きょうはさむいです。|Hôm nay trời lạnh (lịch sự).|i-adj
70|tính từ na làm vị ngữ|Gốc tính từ na + だ / です|だ hoặc です theo sau gốc tính từ na ở vị ngữ. な dùng trước danh từ, không dùng ngay trước です.|この町は静か{{blank}}。|だ|このまちはしずかだ。|Thị trấn này yên tĩnh (thể thường).|na-adj
71|đã là; đã…|Danh từ / na + だった / でした|だった là quá khứ thể thường của だ; でした là quá khứ lịch sự của です với danh từ hoặc na.|昨日は休み{{blank}}。|でした|きのうはやすみでした。|Hôm qua là ngày nghỉ (lịch sự).|noun
72|không phải; không…|Danh từ / na + じゃない / ではない|じゃない là phủ định thể thường của だ. ではない trang trọng hơn; có thể thêm です để lịch sự.|私は学生{{blank}}。|じゃない~ではない|わたしはがくせいじゃない。|Tôi không phải sinh viên (thể thường).|noun
73|đã không phải; đã không…|Danh từ / na + じゃなかった / ではなかった|Đổi ない trong phủ định danh từ hoặc na thành なかった để tạo quá khứ phủ định.|昨日は休み{{blank}}。|じゃなかった~ではなかった|きのうはやすみじゃなかった。|Hôm qua không phải ngày nghỉ (thể thường).|noun
74|đã không… (tính từ i)|Bỏ い + くなかった|Tính từ i phủ định quá khứ bằng くなかった; có thể thêm です. Với いい dùng よくなかった.|昨日は{{blank}}です。|寒くなかった~さむくなかった|きのうはさむくなかったです。|Hôm qua trời không lạnh.|i-adj
75|rằng; trích dẫn|Lời trích / mệnh đề thể thường + と + 言う…|と đánh dấu nội dung được nói hoặc nghĩ. Sau danh từ trong mệnh đề trích gián tiếp thường giữ だ.|「ありがとう」{{blank}}言いました。|と|「ありがとう」といいました。|Tôi đã nói «cảm ơn» (trợ từ trích dẫn と).|godan
76|rằng; trích dẫn thân mật|Lời trích / mệnh đề + って|って thay と trong lời trích dẫn hội thoại. Không nhầm với các cách dùng って khác như nêu chủ đề.|「ありがとう」{{blank}}言った。|って|「ありがとう」っていった。|Tôi đã nói «cảm ơn» (trích dẫn thân mật).|godan
77|động từ không quá khứ|Động từ dạng từ điển / ます|Không quá khứ có thể diễn đạt thói quen hoặc tương lai theo ngữ cảnh. Nó không tự diễn đạt mọi hành động đang diễn ra.|明日学校へ{{blank}}。|行く~いく|あしたがっこうへいく。|Ngày mai tôi sẽ đi học (thể thường).|godan
78|mệnh đề động từ bổ nghĩa danh từ|Động từ thể thường (た / ている…) + danh từ|Mệnh đề đứng ngay trước danh từ để xác định nó. Không thêm の giữa động từ và danh từ.|昨日{{blank}}本は面白かったです。|読んだ~よんだ|きのうよんだほんはおもしろかったです。|Cuốn sách tôi đọc hôm qua rất thú vị.|godan
79|が / の làm chủ ngữ trong mệnh đề bổ nghĩa|Danh từ + が / の + vị ngữ + danh từ|Trong một số mệnh đề bổ nghĩa danh từ, の có thể thay が đánh dấu chủ ngữ. Không thay tùy ý trong mệnh đề chính hoặc cấu trúc có thể gây hiểu nhầm.|私{{blank}}作ったケーキです。|の~が|わたしのつくったケーキです。|Đó là chiếc bánh tôi đã làm (の thay が).|godan
80|cái của… (lược danh từ)|Người / vật sở hữu + の|Khi danh từ đã rõ trong ngữ cảnh, の có thể thay cho danh từ bị lược: 私の本 → 私の.|この本は私{{blank}}です。|の|このほんはわたしのです。|Cuốn sách này là của tôi.|noun
81|đừng; cấm làm|Động từ từ điển + な|な cuối động từ từ điển là mệnh lệnh cấm mạnh. Không phải な nối tính từ na với danh từ; tránh dùng trong yêu cầu lịch sự.|ここで走る{{blank}}。|な|ここではしるな。|Đừng chạy ở đây! (cấm mạnh)|godan
82|chỉ; duy nhất|Danh từ / cụm từ + だけ|だけ giới hạn phạm vi. Vị trí của nó xác định điều được giới hạn; trong câu này chỉ một người tham gia.|私{{blank}}行きます。|だけ|わたしだけいきます。|Chỉ tôi đi.|noun
83|cái nào|どれ + が / は…|どれ đứng độc lập để hỏi chọn một trong ba hoặc nhiều thứ. Với hai lựa chọn thường dùng どちら.|あなたの本は{{blank}}ですか。|どれ|あなたのほんはどれですか。|Sách của bạn là cuốn nào (trong nhiều cuốn)?|noun
84|ở đâu|どこ + に / で / へ…|どこ hỏi địa điểm. Trợ từ đi sau phụ thuộc vào tồn tại, hành động hoặc di chuyển.|駅は{{blank}}ですか。|どこ|えきはどこですか。|Nhà ga ở đâu?|noun
85|…nào|どの + danh từ|どの bắt buộc đi trước danh từ. Nếu không có danh từ phía sau dùng どれ.|{{blank}}本が好きですか。|どの|どのほんがすきですか。|Bạn thích cuốn sách nào?|noun
86|trạng thái sau thay đổi|Động từ thể て + いる|Với động từ thay đổi trạng thái, ている thường chỉ trạng thái còn lại sau hành động. 結婚している nghĩa là đang trong tình trạng đã kết hôn.|姉は{{blank}}います。|結婚して~けっこんして|あねはけっこんしています。|Chị tôi đã kết hôn và hiện vẫn có gia đình.|irregular
87|sau khi làm|Động từ thể て + から|てから làm rõ rằng hành động trước hoàn tất rồi hành động sau mới diễn ra.|宿題を{{blank}}、遊びます。|してから|しゅくだいをしてから、あそびます。|Sau khi làm xong bài tập, tôi sẽ chơi.|irregular
88|làm…rồi… (thứ tự)|Động từ thể て + hành động B|Trong cách dùng thứ tự này, hành động A diễn ra trước B. Động từ cuối mang thì và độ lịch sự của câu.|手を{{blank}}、ご飯を食べます。|洗って~あらって|てをあらって、ごはんをたべます。|Tôi rửa tay rồi ăn cơm.|godan
89|đã; không còn|もう + khẳng định / phủ định|もう với quá khứ khẳng định thường là đã làm; với phủ định có thể là không còn làm nữa.|宿題は{{blank}}しました。|もう|しゅくだいはもうしました。|Tôi đã làm bài tập rồi.|irregular
90|vẫn; còn|まだ + khẳng định|まだ khẳng định diễn đạt tình trạng tiếp tục. まだ với phủ định diễn đạt chưa, xem mẫu まだ～ていません.|{{blank}}雨が降っています。|まだ|まだあめがふっています。|Trời vẫn đang mưa.|godan
91|vẫn chưa làm|まだ + động từ thể て + いません|まだ～ていません nói một việc đến lúc này chưa hoàn tất. Nó không có nghĩa là không bao giờ làm.|{{blank}}食べていません。|まだ|まだたべていません。|Tôi vẫn chưa ăn.|ichidan
92|…cũng được; không sao nếu…|Tính từ i bỏ い + くてもいい; na / danh từ + でもいい|てもいい cho biết một điều được chấp nhận. Với tính từ i dùng くても, với danh từ hoặc na dùng でも.|小さ{{blank}}です。|くてもいい|ちいさくてもいいです。|Nhỏ cũng được.|i-adj
93|muốn làm|Gốc masu + たい|Bỏ ます rồi thêm たい. たい chia giống tính từ i; thường diễn đạt mong muốn của người nói hoặc hỏi người nghe.|日本へ行き{{blank}}です。|たい|にほんへいきたいです。|Tôi muốn đi Nhật.|godan
94|làm những việc như…|Động từ thể た + り、động từ thể た + りする|たり liệt kê ví dụ hành động, không nhất thiết đầy đủ hoặc theo thứ tự. Kết thúc chuỗi bằng する và chia thì ở đó.|休みの日は映画を{{blank}}、本を読んだりします。|見たり~みたり|やすみのひはえいがをみたり、ほんをよんだりします。|Ngày nghỉ tôi làm những việc như xem phim, đọc sách.|ichidan
95|khá; tương đối|けっこう + tính từ / động từ|けっこう trong mẫu này chỉ mức độ khá nhiều hoặc khá cao. Nó còn có nghĩa đủ rồi hoặc từ chối tùy ngữ cảnh.|この本は{{blank}}難しいです。|けっこう~結構|このほんはけっこうむずかしいです。|Cuốn sách này khá khó (dùng けっこう).|i-adj
96|nhiều; rất nhiều|Danh từ + が / を + たくさん + động từ; たくさんの + danh từ|たくさん diễn đạt số lượng nhiều. Có thể dùng như trạng từ hoặc dùng たくさんの trước danh từ.|本を{{blank}}読みます。|たくさん~沢山|ほんをたくさんよみます。|Tôi đọc rất nhiều sách (dùng たくさん).|godan
97|trước khi; trước|Động từ từ điển + 前に; danh từ + の前に|Trước một hành động dùng dạng từ điển ngay trước 前に, kể cả khi câu chính ở quá khứ.|寝る{{blank}}、歯を磨きます。|前に~まえに|ねるまえに、はをみがきます。|Trước khi ngủ, tôi đánh răng.|ichidan
98|khoảng; chừng|Số lượng / thời gian + くらい / ぐらい|くらい cho biết số lượng ước chừng, thường đi với thời lượng. Không nhầm với ごろ chỉ thời điểm.|三十分{{blank}}勉強します。|くらい~ぐらい|さんじゅっぷんくらいべんきょうします。|Tôi học khoảng ba mươi phút.|noun
99|đến; cho đến (mốc)|Địa điểm / thời gian + まで|まで đánh dấu giới hạn cuối của một khoảng. Khác với までに nghĩa là hoàn tất trước hạn.|五時{{blank}}働きます。|まで|ごじまではたらきます。|Tôi làm việc cho đến năm giờ.|godan
100|cho đến khi…|Động từ thể từ điển + まで|まで sau mệnh đề động từ chỉ thời điểm hành động hoặc trạng thái đó xảy ra là giới hạn cuối.|雨が{{blank}}、待ちます。|止むまで~やむまで|あめがやむまで、まちます。|Tôi đợi cho đến khi mưa tạnh.|godan
101|quá; quá mức|Gốc masu / tính từ bỏ い / gốc na + すぎる|すぎる chỉ mức độ vượt mức thích hợp. いい dùng よすぎる. すぎる được chia như động từ ichidan.|昨日は{{blank}}ました。|食べすぎ~たべすぎ|きのうはたべすぎました。|Hôm qua tôi đã ăn quá nhiều.|ichidan
102|chọn; quyết định lấy|Danh từ + にする|にする diễn đạt chọn một phương án, món ăn hoặc đồ uống. Ở đây không phải cấu trúc làm cho tính từ thay đổi.|コーヒー{{blank}}ます。|にし|コーヒーにします。|Tôi chọn cà phê.|irregular
103|trở nên; trở thành|Tính từ i bỏ い + くなる; na / danh từ + になる|なる diễn đạt thay đổi trạng thái. Với tính từ i dùng く, với na hoặc danh từ dùng に.|だんだん{{blank}}なりました。|寒く~さむく|だんだんさむくなりました。|Trời dần trở lạnh.|i-adj
104|…nhất trong…|Nhóm + の中で + đối tượng + が一番 + tính từ|の中で xác định nhóm so sánh, 一番 chỉ đối tượng có mức độ cao nhất trong nhóm ấy.|果物の中でりんごが{{blank}}好きです。|一番~いちばん|くだもののなかでりんごがいちばんすきです。|Trong các loại trái cây, tôi thích táo nhất.|na-adj
105|…hơn…|AよりBのほうが + tính từ|より đánh dấu mốc so sánh, のほうが đánh dấu bên có mức độ cao hơn. Tính từ cho biết phương diện so sánh.|バスより電車{{blank}}速いです。|のほうが~の方が|バスよりでんしゃのほうがはやいです。|Tàu điện nhanh hơn xe buýt.|i-adj
106|cái gì đó; không có gì|何か + khẳng định; 何も + phủ định|何か là một thứ không xác định; 何も đi với phủ định để diễn đạt không gì cả trong cách dùng cơ bản này.|今日は{{blank}}食べていません。|何も~なにも|きょうはなにもたべていません。|Hôm nay tôi chưa ăn gì cả.|ichidan
107|ai đó; đâu đó; không ai; không đâu|誰か / どこか; 誰も / どこも + phủ định|か sau từ nghi vấn tạo đối tượng không xác định; も với phủ định thường phủ định toàn bộ đối tượng.|教室には{{blank}}いません。|誰も~だれも|きょうしつにはだれもいません。|Không có ai trong phòng học.|ichidan
108|hãy cùng làm|Gốc masu + ましょう|ましょう là lời rủ hoặc ý định lịch sự. Bỏ ます trước khi thêm ましょう.|一緒に行き{{blank}}。|ましょう|いっしょにいきましょう。|Chúng ta cùng đi nhé.|godan
109|để tôi…nhé; cùng…nhé?|Gốc masu + ましょうか|ましょうか đề nghị làm giúp hoặc hỏi có nên cùng làm. Ngữ cảnh xác định người thực hiện.|荷物を持ち{{blank}}。|ましょうか|にもつをもちましょうか。|Để tôi xách hành lý giúp bạn nhé?|godan
110|có muốn cùng…không?|Gốc masu + ませんか|ませんか là lời mời lịch sự, dùng phủ định để để ngỏ lựa chọn của người nghe.|一緒に映画を見{{blank}}。|ませんか|いっしょにえいがをみませんか。|Bạn có muốn cùng xem phim không?|ichidan
111|được phép làm|Động từ thể て + もいい|てもいい cho phép làm việc gì. Trong câu hỏi てもいいですか, người nói xin phép.|ここに{{blank}}いいですか。|座っても~すわっても|ここにすわってもいいですか。|Tôi ngồi ở đây được không?|godan
112|xin hãy làm|Động từ thể て + ください|てください là yêu cầu lịch sự trực tiếp. Giữ đúng thể て hoặc で của động từ trước ください.|ここに座って{{blank}}。|ください|ここにすわってください。|Xin hãy ngồi ở đây.|godan
113|xin đừng làm|Động từ thể ない + でください|ないでください yêu cầu người nghe không làm một việc. Không dùng なくてください trong mẫu này.|ここで走ら{{blank}}。|ないでください|ここではしらないでください。|Xin đừng chạy ở đây.|godan
114|không được; cấm|Động từ thể て + はいけない|てはいけない nói điều bị cấm. Dạng lịch sự là てはいけません; では thay cho ては sau thể で.|ここで写真を{{blank}}いけません。|撮っては~とっては|ここでしゃしんをとってはいけません。|Không được chụp ảnh ở đây.|godan
115|phải làm|Động từ thể ない bỏ い + くてはいけない|なくてはいけない dùng phủ định kép để diễn đạt nghĩa vụ. Dạng lịch sự đổi いけない thành いけません.|宿題を{{blank}}いけません。|しなくては|しゅくだいをしなくてはいけません。|Tôi phải làm bài tập (dùng なくてはいけません).|irregular
116|phải làm (quy tắc, nghĩa vụ)|Động từ thể ない bỏ い + くてはならない|なくてはならない diễn đạt việc bắt buộc, thường trang trọng hơn なくてはいけない.|薬を{{blank}}なりません。|飲まなくては~のまなくては|くすりをのまなくてはなりません。|Tôi phải uống thuốc (dùng なくてはなりません).|godan
117|nên làm|Động từ thể た + ほうがいい|たほうがいい đưa lời khuyên thực hiện một việc. Thể た ở đây không nhất thiết chỉ quá khứ.|早く{{blank}}がいいです。|寝たほう~ねたほう|はやくねたほうがいいです。|Bạn nên đi ngủ sớm.|ichidan
118|không nên làm|Động từ thể ない + ほうがいい|ないほうがいい đưa lời khuyên tránh làm. Dùng phủ định không quá khứ ngay trước ほう.|夜にコーヒーを{{blank}}がいいです。|飲まないほう~のまないほう|よるにコーヒーをのまないほうがいいです。|Bạn không nên uống cà phê vào buổi tối.|godan
119|phải làm (rút gọn thân mật)|なくては → なくちゃ; なければ → なきゃ|なくちゃ và なきゃ là dạng rút gọn thân mật; phần いけない thường được lược khi nghĩa vụ đã rõ.|もう行か{{blank}}。|なきゃ~なくちゃ|もういかなきゃ。|Giờ tôi phải đi rồi (thân mật, dạng rút gọn).|godan
120|…và những thứ như…|Danh từ A + や + danh từ B (など)|や liệt kê ví dụ và ngụ ý còn các thứ khác. と thường nêu danh sách xác định hơn.|パン{{blank}}果物を買います。|や|パンやくだものをかいます。|Tôi mua những thứ như bánh mì và trái cây.|noun
121|đã từng làm|Động từ thể た + ことがある|たことがある nói về trải nghiệm trước đây, không chỉ một sự kiện quá khứ cụ thể.|日本へ{{blank}}ことがあります。|行った~いった|にほんへいったことがあります。|Tôi đã từng đến Nhật.|godan
122|thường xuyên làm; thói quen lặp lại|Động từ thể て + いる|ている với mốc lặp lại có thể diễn đạt thói quen hoặc hoạt động đang được duy trì, không chỉ hành động xảy ra ngay lúc nói.|毎朝公園で{{blank}}います。|走って~はしって|まいあさこうえんではしっています。|Tôi có thói quen chạy ở công viên mỗi sáng.|godan
123|và (nối danh từ, tính từ)|i bỏ い + くて; na / danh từ + で|くて nối tính từ i; で nối tính từ na hoặc danh từ. Phần cuối câu quyết định thì và độ lịch sự.|田中さんは学生{{blank}}、先生でもあります。|で|たなかさんはがくせいで、せんせいでもあります。|Anh Tanaka là sinh viên, đồng thời cũng là giáo viên.|noun
124|vừa…vừa… (các đặc điểm)|Tính từ i bỏ い + くて + B; gốc na + で + B|Dùng くて hoặc で để nối các đặc điểm của cùng một đối tượng; không thêm です giữa chuỗi.|この店は{{blank}}、便利です。|安くて~やすくて|このみせはやすくて、べんりです。|Cửa hàng này vừa rẻ vừa tiện.|i-adj
125|kém trong việc làm|Động từ từ điển + のが下手|の danh hóa hành động; 下手 là tính từ na chỉ làm không giỏi. Chọn lời nói khéo khi nhận xét người khác.|私は歌う{{blank}}です。|のが下手~のがへた|わたしはうたうのがへたです。|Tôi hát kém.|na-adj
126|giỏi làm|Động từ từ điển + のが上手|の danh hóa hành động; 上手 là tính từ na nói về kỹ năng. Khi nói về mình, 得意 thường tự nhiên hơn trong nhiều ngữ cảnh.|姉は絵を描く{{blank}}です。|のが上手~のがじょうず|あねはえをかくのがじょうずです。|Chị tôi vẽ giỏi.|na-adj
127|cái…; danh hóa tính từ|Tính từ i + の; gốc na + な + の|の thay cho danh từ đã hiểu hoặc danh hóa thuộc tính. Với na phải giữ な trước の.|この二つなら、{{blank}}のが好きです。|小さい~ちいさい|このふたつなら、ちいさいのがすきです。|Trong hai cái này, tôi thích cái nhỏ.|i-adj
128|cho; tặng (từ mình sang người khác)|Người cho + は / が + người nhận + に + vật + をあげる|あげる nhìn hành động cho theo hướng đi ra khỏi người nói hoặc nhóm của người nói. Cần lưu ý vị trí người cho và nhận.|私は友達に本を{{blank}}ました。|あげ|わたしはともだちにほんをあげました。|Tôi đã tặng bạn một cuốn sách.|ichidan
129|cho tôi; cho phía mình|Người cho + は / が + (私に) + vật + をくれる|くれる nhìn hành động cho hướng về người nói hoặc người gần gũi với người nói. Không dùng あげる nếu muốn giữ góc nhìn nhận này.|友達が私に本を{{blank}}ました。|くれ|ともだちがわたしにほんをくれました。|Bạn đã cho tôi một cuốn sách.|ichidan
130|nhận|Người nhận + は / が + người cho + に / から + vật + をもらう|もらう lấy người nhận làm chủ ngữ; に hoặc から đánh dấu người cho. Dạng quá khứ lịch sự là もらいました.|私は友達に本を{{blank}}ました。|もらい|わたしはともだちにほんをもらいました。|Tôi đã nhận sách từ bạn.|godan
131|nhưng; mặc dù|Câu + けれども; danh từ / na thể thường + だけれども|けれども nối ý tương phản và thường trang trọng hơn けど. Với danh từ hoặc na ở thể thường cần だ.|高いです{{blank}}、買います。|けれども|たかいですけれども、かいます。|Đắt nhưng tôi sẽ mua (dùng けれども).|i-adj
132|định; dự định|Động từ từ điển / ない + つもりだ / つもりです|つもり diễn đạt ý định đã có. Dạng phủ định trước つもり là có ý định không làm, khác với phủ định ý định ở cuối.|明日勉強する{{blank}}です。|つもり|あしたべんきょうするつもりです。|Tôi định học vào ngày mai.|irregular
